{
  "drive": {
    "p": 0.000200645,
    "i": 0,
    "d": 0,
    "f": 0,
    "iz": 0
  },
  "angle": {
    "p": 0.0250645,
    "i": 0,
    "d": 0.7000000,
    "f": 0,
    "iz": 0
  }
}